ID,FinalExamScore
101001,87.80849011365814
101002,82.99478351209893
101003,64.78351684822687
101004,70.67913727295883
101005,62.650300568565676
101006,85.77505820816054
101007,55.855565921599734
101008,63.08513960672565
101009,68.5756966772901
101010,86.23553327601022
101011,75.06914595100359
101012,69.57108184662646
101013,53.50943927952887
101014,49.80131278928265
101015,71.56626671297485
101016,77.95663742101193
101017,93.58484246365474
101018,90.84941421847536
101019,82.28338646939773
101020,62.02077352077004
101021,91.14144032757524
101022,66.43287202635626
101023,80.84456367187262
101024,64.46952630370527
101025,63.35535223469496
101026,74.74428288098272
101027,64.91088444367655
101028,79.84648649360119
101029,77.47812467901379
101030,73.51113886087693
101031,61.921083406994505
101032,66.23162724508006
101033,64.61430676031021
101034,58.12984893444519
101035,79.05069835981726
101036,59.05202512774702
101037,73.14584090638611
101038,92.40085884372499
101039,84.8266805991127
101040,62.30280556837472
101041,83.448913251777
101042,95.80116800405838
101043,65.65024057132908
101044,63.85473540351339
101045,90.19794039545943
101046,83.59626253589346
101047,79.12630993324163
101048,58.169534276511584
101049,56.300798193154975
101050,61.03556505555485
101051,91.18055977412887
101052,84.49821463152688
101053,87.05662629958752
101054,68.6299049884567
101055,62.960684921517526
101056,88.84864678568417
101057,85.54791293528032
101058,74.11575493690205
101059,71.47514882645473
101060,64.81888342032983
101061,63.260685476020775
101062,77.84748447563712
101063,80.13709643712632
101064,70.61840928646089
101065,83.57376398870393
101066,75.74911730143502
101067,62.46885997994287
101068,67.58924126941855
101069,71.95902767718276
101070,86.05647739564435
101071,91.14420130362963
101072,72.77790717631115
101073,65.41285930712084
101074,80.61243591268592
101075,89.888004948044
101076,76.79475174574527
101077,79.9501465215494
101078,73.66391656280969
101079,69.23885356650584
101080,73.24380904072798
101081,75.09711442677391
101082,69.401839211763
101083,86.19398055780202
101084,67.17639549564313
101085,74.97734870979365
101086,78.70480015641206
101087,63.51642914661045
101088,60.16985957529242
101089,73.01115814788946
101090,74.95821310505458
101091,60.97325342039262
101092,81.43683449696259
101093,94.80700655372382
101094,60.80874914175497
101095,83.67509511738129
101096,64.29825946320565
101097,61.4639102219772
101098,75.9507363668259
101099,88.1195025932311
101100,74.17562913679477
101101,77.27942467919398
101102,90.71272148062788
101103,61.32683982787083
101104,81.55476397564513
101105,89.44436802869497
101106,87.19325727910153
101107,64.4568128195834
101108,63.82428388619764
101109,86.28532890097208
101110,85.77517797756532
101111,54.987057509962334
101112,85.13362058304506
101113,78.75471970422548
101114,85.39934648865119
101115,78.77520590860526
101116,83.9063037896604
101117,57.93537869032298
101118,63.500051725601644
101119,77.99944390289193
101120,65.60391878845151
101121,76.9728162912126
101122,65.68026245242645
101123,77.4987727269492
101124,76.45387366133846
101125,80.11782670047887
101126,81.62633543562688
101127,78.26849564949165
101128,79.37709084885158
101129,60.45567947142575
101130,88.4274404703161
101131,69.49012476061156
101132,67.56684740453896
101133,70.66163776607338
101134,68.55715293728973
101135,78.3040808324773
101136,80.92776270869246
101137,69.93055877176995
101138,83.31137105076232
101139,58.48677368937987
101140,88.11964863605478
101141,73.697136199791
101142,82.00861836281419
101143,90.49579966730195
101144,91.92751825203065
101145,80.99873232680272
101146,70.88198951441369
101147,61.50627247958888
101148,90.65239042618165
101149,74.7264579613078
101150,85.80507860532367
101151,77.62013720333036
101152,76.08860297551749
101153,80.2195779126135
101154,76.1467763998596
101155,80.44181523454529
101156,69.14178358977227
101157,60.226488885234616
101158,84.5112088023144
101159,90.16465683197657
101160,86.02353079930162
101161,80.00026726654679
101162,68.18550270508544
101163,65.86973541304734
101164,55.57435966828654
101165,61.36487439381353
101166,66.91166707077895
101167,74.88349618588084
101168,83.11019548245297
101169,64.04013733001806
101170,65.98526905381851
101171,71.84209187157431
101172,70.7055895535599
101173,70.97604865893072
101174,69.13932873016444
101175,67.24147719373241
101176,66.80584029898921
101177,76.60490540791889
101178,87.88374442086949
101179,87.04328174089801
101180,85.55150101245958
101181,77.10965424654438
101182,61.63924349294789
101183,63.873221842498694
101184,74.47363578141747
101185,78.65343022292075
101186,70.5365484422088
101187,76.89899569713214
101188,73.55788619330434
101189,78.99691677801503
101190,60.51462419323596
101191,86.48623839950386
101192,90.49565444192577
101193,63.95454637842472
101194,84.1504862568478
101195,67.55563269679645
101196,66.41259058298974
101197,80.20126294292471
101198,61.171979582304026
101199,88.41251098979681
101200,69.68833936590174
